--
-- PostgreSQL database dump
--

\restrict IEHfI0px2UKdjg3SG29UM4kNPD1ehmD1W54TC09xzETH7TXYlNGM6VOGLEepcrG

-- Dumped from database version 16.10 (Ubuntu 16.10-1.pgdg24.04+1)
-- Dumped by pg_dump version 16.10 (Ubuntu 16.10-1.pgdg24.04+1)

SET statement_timeout = 0;
SET lock_timeout = 0;
SET idle_in_transaction_session_timeout = 0;
SET client_encoding = 'UTF8';
SET standard_conforming_strings = on;
SELECT pg_catalog.set_config('search_path', '', false);
SET check_function_bodies = false;
SET xmloption = content;
SET client_min_messages = warning;
SET row_security = off;

--
-- Data for Name: users; Type: TABLE DATA; Schema: auth; Owner: -
--

INSERT INTO auth.users (instance_id, id, aud, role, email, encrypted_password, email_confirmed_at, invited_at, confirmation_token, confirmation_sent_at, recovery_token, recovery_sent_at, email_change_token_new, email_change, email_change_sent_at, last_sign_in_at, raw_app_meta_data, raw_user_meta_data, is_super_admin, created_at, updated_at, phone, phone_confirmed_at, phone_change, phone_change_token, phone_change_sent_at, confirmed_at, email_change_token_current, email_change_confirm_status, banned_until, reauthentication_token, reauthentication_sent_at, is_sso_user, deleted_at, gamilit_role, status) VALUES ('00000000-0000-0000-0000-000000000000', 'aaaaaaaa-aaaa-aaaa-aaaa-aaaaaaaaaaaa', 'authenticated', NULL, 'admin@gamilit.com', '$2a$10$G.jxLLCcBjO6RWvpFKppbeYbkr18dICp3wgzmhCR8aG113tVLNHfG', '2025-11-18 00:08:00.506102+00', NULL, '', NULL, '', NULL, '', '', NULL, NULL, '{"provider": "email", "providers": ["email"]}', '{"name": "Admin GAMILIT", "role": "super_admin", "description": "Usuario administrador de testing"}', false, '2025-11-18 00:08:00.506102+00', '2025-11-18 00:08:00.506102+00', NULL, NULL, NULL, NULL, NULL, NULL, NULL, 0, NULL, NULL, NULL, false, NULL, 'super_admin', 'active');
INSERT INTO auth.users (instance_id, id, aud, role, email, encrypted_password, email_confirmed_at, invited_at, confirmation_token, confirmation_sent_at, recovery_token, recovery_sent_at, email_change_token_new, email_change, email_change_sent_at, last_sign_in_at, raw_app_meta_data, raw_user_meta_data, is_super_admin, created_at, updated_at, phone, phone_confirmed_at, phone_change, phone_change_token, phone_change_sent_at, confirmed_at, email_change_token_current, email_change_confirm_status, banned_until, reauthentication_token, reauthentication_sent_at, is_sso_user, deleted_at, gamilit_role, status) VALUES ('00000000-0000-0000-0000-000000000000', 'bbbbbbbb-bbbb-bbbb-bbbb-bbbbbbbbbbbb', 'authenticated', NULL, 'teacher@gamilit.com', '$2a$10$0l5tIisr8wBbS59h0lI4lO9LA5zoFywZXKTNIGQPrWwH1zytWCuf2', '2025-11-18 00:08:00.506102+00', NULL, '', NULL, '', NULL, '', '', NULL, NULL, '{"provider": "email", "providers": ["email"]}', '{"name": "Profesor Testing", "role": "admin_teacher", "description": "Usuario profesor de testing"}', false, '2025-11-18 00:08:00.506102+00', '2025-11-18 00:08:00.506102+00', NULL, NULL, NULL, NULL, NULL, NULL, NULL, 0, NULL, NULL, NULL, false, NULL, 'admin_teacher', 'active');
INSERT INTO auth.users (instance_id, id, aud, role, email, encrypted_password, email_confirmed_at, invited_at, confirmation_token, confirmation_sent_at, recovery_token, recovery_sent_at, email_change_token_new, email_change, email_change_sent_at, last_sign_in_at, raw_app_meta_data, raw_user_meta_data, is_super_admin, created_at, updated_at, phone, phone_confirmed_at, phone_change, phone_change_token, phone_change_sent_at, confirmed_at, email_change_token_current, email_change_confirm_status, banned_until, reauthentication_token, reauthentication_sent_at, is_sso_user, deleted_at, gamilit_role, status) VALUES ('00000000-0000-0000-0000-000000000000', 'cccccccc-cccc-cccc-cccc-cccccccccccc', 'authenticated', NULL, 'student@gamilit.com', '$2a$10$hAZUkI3m7yViO30mbe0u6OGzMewibAsOutFMhbXdnHP5nsUemfbUa', '2025-11-18 00:08:00.506102+00', NULL, '', NULL, '', NULL, '', '', NULL, NULL, '{"provider": "email", "providers": ["email"]}', '{"name": "Estudiante Testing", "role": "student", "description": "Usuario estudiante de testing"}', false, '2025-11-18 00:08:00.506102+00', '2025-11-18 00:08:00.506102+00', NULL, NULL, NULL, NULL, NULL, NULL, NULL, 0, NULL, NULL, NULL, false, NULL, 'student', 'active');
INSERT INTO auth.users (instance_id, id, aud, role, email, encrypted_password, email_confirmed_at, invited_at, confirmation_token, confirmation_sent_at, recovery_token, recovery_sent_at, email_change_token_new, email_change, email_change_sent_at, last_sign_in_at, raw_app_meta_data, raw_user_meta_data, is_super_admin, created_at, updated_at, phone, phone_confirmed_at, phone_change, phone_change_token, phone_change_sent_at, confirmed_at, email_change_token_current, email_change_confirm_status, banned_until, reauthentication_token, reauthentication_sent_at, is_sso_user, deleted_at, gamilit_role, status) VALUES (NULL, 'b017b792-b327-40dd-aefb-a80312776952', 'authenticated', NULL, 'joseal.guirre34@gmail.com', '$2b$10$kb9yCB4Y2WBr2.Gth.wC9e8q8bnkZJ6O2X6kFSn.O4VK8d76Cr/xO', NULL, NULL, NULL, NULL, NULL, NULL, NULL, NULL, NULL, NULL, NULL, '{}', false, '2025-11-18 07:29:05.226874+00', '2025-11-18 07:29:05.226874+00', NULL, NULL, NULL, NULL, NULL, NULL, NULL, 0, NULL, NULL, NULL, false, NULL, 'student', 'active');
INSERT INTO auth.users (instance_id, id, aud, role, email, encrypted_password, email_confirmed_at, invited_at, confirmation_token, confirmation_sent_at, recovery_token, recovery_sent_at, email_change_token_new, email_change, email_change_sent_at, last_sign_in_at, raw_app_meta_data, raw_user_meta_data, is_super_admin, created_at, updated_at, phone, phone_confirmed_at, phone_change, phone_change_token, phone_change_sent_at, confirmed_at, email_change_token_current, email_change_confirm_status, banned_until, reauthentication_token, reauthentication_sent_at, is_sso_user, deleted_at, gamilit_role, status) VALUES (NULL, '06a24962-e83d-4e94-aad7-ff69f20a9119', 'authenticated', NULL, 'sergiojimenezesteban63@gmail.com', '$2b$10$8oPdKN15ndCqCOIt12SEO.2yx4D29kQEQGPCC5rtUYWu8Qp5L7/zW', NULL, NULL, NULL, NULL, NULL, NULL, NULL, NULL, NULL, NULL, NULL, '{}', false, '2025-11-18 08:17:40.925857+00', '2025-11-18 08:17:40.925857+00', NULL, NULL, NULL, NULL, NULL, NULL, NULL, 0, NULL, NULL, NULL, false, NULL, 'student', 'active');
INSERT INTO auth.users (instance_id, id, aud, role, email, encrypted_password, email_confirmed_at, invited_at, confirmation_token, confirmation_sent_at, recovery_token, recovery_sent_at, email_change_token_new, email_change, email_change_sent_at, last_sign_in_at, raw_app_meta_data, raw_user_meta_data, is_super_admin, created_at, updated_at, phone, phone_confirmed_at, phone_change, phone_change_token, phone_change_sent_at, confirmed_at, email_change_token_current, email_change_confirm_status, banned_until, reauthentication_token, reauthentication_sent_at, is_sso_user, deleted_at, gamilit_role, status) VALUES (NULL, '24e8c563-8854-43d1-b3c9-2f83e91f5a1e', 'authenticated', NULL, 'Gomezfornite92@gmail.com', '$2b$10$FuEfoSA0jxvBI2f6odMJqux9Gpgvt7Zjk.plRhRatvK0ykkIXxbI.', NULL, NULL, NULL, NULL, NULL, NULL, NULL, NULL, NULL, NULL, NULL, '{}', false, '2025-11-18 08:18:04.240276+00', '2025-11-18 08:18:04.240276+00', NULL, NULL, NULL, NULL, NULL, NULL, NULL, 0, NULL, NULL, NULL, false, NULL, 'student', 'active');
INSERT INTO auth.users (instance_id, id, aud, role, email, encrypted_password, email_confirmed_at, invited_at, confirmation_token, confirmation_sent_at, recovery_token, recovery_sent_at, email_change_token_new, email_change, email_change_sent_at, last_sign_in_at, raw_app_meta_data, raw_user_meta_data, is_super_admin, created_at, updated_at, phone, phone_confirmed_at, phone_change, phone_change_token, phone_change_sent_at, confirmed_at, email_change_token_current, email_change_confirm_status, banned_until, reauthentication_token, reauthentication_sent_at, is_sso_user, deleted_at, gamilit_role, status) VALUES (NULL, 'bf0d3e34-e077-43d1-9626-292f7fae2bd6', 'authenticated', NULL, 'Aragon494gt54@icloud.com', '$2b$10$lE8M8qWUIsgYLwcHyRGvTOjxdykLVchRVifsMVqCRCZq3bEeXR.xG', NULL, NULL, NULL, NULL, NULL, NULL, NULL, NULL, NULL, NULL, NULL, '{}', false, '2025-11-18 08:20:17.228812+00', '2025-11-18 08:20:17.228812+00', NULL, NULL, NULL, NULL, NULL, NULL, NULL, 0, NULL, NULL, NULL, false, NULL, 'student', 'active');
INSERT INTO auth.users (instance_id, id, aud, role, email, encrypted_password, email_confirmed_at, invited_at, confirmation_token, confirmation_sent_at, recovery_token, recovery_sent_at, email_change_token_new, email_change, email_change_sent_at, last_sign_in_at, raw_app_meta_data, raw_user_meta_data, is_super_admin, created_at, updated_at, phone, phone_confirmed_at, phone_change, phone_change_token, phone_change_sent_at, confirmed_at, email_change_token_current, email_change_confirm_status, banned_until, reauthentication_token, reauthentication_sent_at, is_sso_user, deleted_at, gamilit_role, status) VALUES (NULL, '2f5a9846-3393-40b2-9e87-0f29238c383f', 'authenticated', NULL, 'blu3wt7@gmail.com', '$2b$10$gKRXQ.rmOePqsNKWdxABQuyIZike2oSsYpdfWpQdi5HHDWDUk.3u2', NULL, NULL, NULL, NULL, NULL, NULL, NULL, NULL, NULL, NULL, NULL, '{}', false, '2025-11-18 08:32:17.314233+00', '2025-11-18 08:32:17.314233+00', NULL, NULL, NULL, NULL, NULL, NULL, NULL, 0, NULL, NULL, NULL, false, NULL, 'student', 'active');
INSERT INTO auth.users (instance_id, id, aud, role, email, encrypted_password, email_confirmed_at, invited_at, confirmation_token, confirmation_sent_at, recovery_token, recovery_sent_at, email_change_token_new, email_change, email_change_sent_at, last_sign_in_at, raw_app_meta_data, raw_user_meta_data, is_super_admin, created_at, updated_at, phone, phone_confirmed_at, phone_change, phone_change_token, phone_change_sent_at, confirmed_at, email_change_token_current, email_change_confirm_status, banned_until, reauthentication_token, reauthentication_sent_at, is_sso_user, deleted_at, gamilit_role, status) VALUES (NULL, '5e738038-1743-4aa9-b222-30171300ea9d', 'authenticated', NULL, 'ricardolugo786@icloud.com', '$2b$10$YV1StKIdCPPED/Ft84zR2ONxj/VzzV7zOxjgwMSbDpd2hzvYOGtby', NULL, NULL, NULL, NULL, NULL, NULL, NULL, NULL, NULL, NULL, NULL, '{}', false, '2025-11-18 10:15:06.479774+00', '2025-11-18 10:15:06.479774+00', NULL, NULL, NULL, NULL, NULL, NULL, NULL, 0, NULL, NULL, NULL, false, NULL, 'student', 'active');
INSERT INTO auth.users (instance_id, id, aud, role, email, encrypted_password, email_confirmed_at, invited_at, confirmation_token, confirmation_sent_at, recovery_token, recovery_sent_at, email_change_token_new, email_change, email_change_sent_at, last_sign_in_at, raw_app_meta_data, raw_user_meta_data, is_super_admin, created_at, updated_at, phone, phone_confirmed_at, phone_change, phone_change_token, phone_change_sent_at, confirmed_at, email_change_token_current, email_change_confirm_status, banned_until, reauthentication_token, reauthentication_sent_at, is_sso_user, deleted_at, gamilit_role, status) VALUES (NULL, '00c742d9-e5f7-4666-9597-5a8ca54d5478', 'authenticated', NULL, 'marbancarlos916@gmail.com', '$2b$10$PfsKOsEEXpGA6YB6eXNBPePo6OV6Am1glUN6Mkunl64bK/ji6uttW', NULL, NULL, NULL, NULL, NULL, NULL, NULL, NULL, NULL, NULL, NULL, '{}', false, '2025-11-18 10:29:05.23842+00', '2025-11-18 10:29:05.23842+00', NULL, NULL, NULL, NULL, NULL, NULL, NULL, 0, NULL, NULL, NULL, false, NULL, 'student', 'active');
INSERT INTO auth.users (instance_id, id, aud, role, email, encrypted_password, email_confirmed_at, invited_at, confirmation_token, confirmation_sent_at, recovery_token, recovery_sent_at, email_change_token_new, email_change, email_change_sent_at, last_sign_in_at, raw_app_meta_data, raw_user_meta_data, is_super_admin, created_at, updated_at, phone, phone_confirmed_at, phone_change, phone_change_token, phone_change_sent_at, confirmed_at, email_change_token_current, email_change_confirm_status, banned_until, reauthentication_token, reauthentication_sent_at, is_sso_user, deleted_at, gamilit_role, status) VALUES (NULL, '33306a65-a3b1-41d5-a49d-47989957b822', 'authenticated', NULL, 'diego.colores09@gmail.com', '$2b$10$rFlH9alBbgPGVEZMYIV8p.AkeZ30yRCVd5acasFjIt7fpCZhE6RuO', NULL, NULL, NULL, NULL, NULL, NULL, NULL, NULL, NULL, NULL, NULL, '{}', false, '2025-11-18 10:29:20.530359+00', '2025-11-18 10:29:20.530359+00', NULL, NULL, NULL, NULL, NULL, NULL, NULL, 0, NULL, NULL, NULL, false, NULL, 'student', 'active');
INSERT INTO auth.users (instance_id, id, aud, role, email, encrypted_password, email_confirmed_at, invited_at, confirmation_token, confirmation_sent_at, recovery_token, recovery_sent_at, email_change_token_new, email_change, email_change_sent_at, last_sign_in_at, raw_app_meta_data, raw_user_meta_data, is_super_admin, created_at, updated_at, phone, phone_confirmed_at, phone_change, phone_change_token, phone_change_sent_at, confirmed_at, email_change_token_current, email_change_confirm_status, banned_until, reauthentication_token, reauthentication_sent_at, is_sso_user, deleted_at, gamilit_role, status) VALUES (NULL, '7a6a973e-83f7-4374-a9fc-54258138115f', 'authenticated', NULL, 'hernandezfonsecabenjamin7@gmail.com', '$2b$10$1E6gLqfMojNLYrSKIbatqOh0pHblZ3jWZwbcxTY/DCx7MGADToCVm', NULL, NULL, NULL, NULL, NULL, NULL, NULL, NULL, NULL, NULL, NULL, '{}', false, '2025-11-18 10:37:06.919813+00', '2025-11-18 10:37:06.919813+00', NULL, NULL, NULL, NULL, NULL, NULL, NULL, 0, NULL, NULL, NULL, false, NULL, 'student', 'active');
INSERT INTO auth.users (instance_id, id, aud, role, email, encrypted_password, email_confirmed_at, invited_at, confirmation_token, confirmation_sent_at, recovery_token, recovery_sent_at, email_change_token_new, email_change, email_change_sent_at, last_sign_in_at, raw_app_meta_data, raw_user_meta_data, is_super_admin, created_at, updated_at, phone, phone_confirmed_at, phone_change, phone_change_token, phone_change_sent_at, confirmed_at, email_change_token_current, email_change_confirm_status, banned_until, reauthentication_token, reauthentication_sent_at, is_sso_user, deleted_at, gamilit_role, status) VALUES (NULL, 'ccd7135c-0fea-4488-9094-9da52df1c98c', 'authenticated', NULL, 'jr7794315@gmail.com', '$2b$10$Ej/Gwx8mGCWg4TnQSjh1r.QZLw/GkUANqXmz4bEfVaNF9E527L02C', NULL, NULL, NULL, NULL, NULL, NULL, NULL, NULL, NULL, NULL, NULL, '{}', false, '2025-11-18 17:53:39.67958+00', '2025-11-18 17:53:39.67958+00', NULL, NULL, NULL, NULL, NULL, NULL, NULL, 0, NULL, NULL, NULL, false, NULL, 'student', 'active');
INSERT INTO auth.users (instance_id, id, aud, role, email, encrypted_password, email_confirmed_at, invited_at, confirmation_token, confirmation_sent_at, recovery_token, recovery_sent_at, email_change_token_new, email_change, email_change_sent_at, last_sign_in_at, raw_app_meta_data, raw_user_meta_data, is_super_admin, created_at, updated_at, phone, phone_confirmed_at, phone_change, phone_change_token, phone_change_sent_at, confirmed_at, email_change_token_current, email_change_confirm_status, banned_until, reauthentication_token, reauthentication_sent_at, is_sso_user, deleted_at, gamilit_role, status) VALUES (NULL, '9951ad75-e9cb-47b3-b478-6bb860ee2530', 'authenticated', NULL, 'barraganfer03@gmail.com', '$2b$10$VJ8bS.ksyKpa7oG575r5YOWQYcq8vwmwTa8jMBkCv0dwskF04SHn2', NULL, NULL, NULL, NULL, NULL, NULL, NULL, NULL, NULL, NULL, NULL, '{}', false, '2025-11-18 20:39:27.408624+00', '2025-11-18 20:39:27.408624+00', NULL, NULL, NULL, NULL, NULL, NULL, NULL, 0, NULL, NULL, NULL, false, NULL, 'student', 'active');
INSERT INTO auth.users (instance_id, id, aud, role, email, encrypted_password, email_confirmed_at, invited_at, confirmation_token, confirmation_sent_at, recovery_token, recovery_sent_at, email_change_token_new, email_change, email_change_sent_at, last_sign_in_at, raw_app_meta_data, raw_user_meta_data, is_super_admin, created_at, updated_at, phone, phone_confirmed_at, phone_change, phone_change_token, phone_change_sent_at, confirmed_at, email_change_token_current, email_change_confirm_status, banned_until, reauthentication_token, reauthentication_sent_at, is_sso_user, deleted_at, gamilit_role, status) VALUES (NULL, '735235f5-260a-4c9b-913c-14a1efd083ea', 'authenticated', NULL, 'roman.rebollar.marcoantonio1008@gmail.com', '$2b$10$l4eF8UoOB7D8LKDEzTigXOUO7EABhVdYCqknJ/lD6R4p8uF1R4I.W', NULL, NULL, NULL, NULL, NULL, NULL, NULL, NULL, NULL, NULL, NULL, '{}', false, '2025-11-18 21:03:17.326679+00', '2025-11-18 21:03:17.326679+00', NULL, NULL, NULL, NULL, NULL, NULL, NULL, 0, NULL, NULL, NULL, false, NULL, 'student', 'active');
INSERT INTO auth.users (instance_id, id, aud, role, email, encrypted_password, email_confirmed_at, invited_at, confirmation_token, confirmation_sent_at, recovery_token, recovery_sent_at, email_change_token_new, email_change, email_change_sent_at, last_sign_in_at, raw_app_meta_data, raw_user_meta_data, is_super_admin, created_at, updated_at, phone, phone_confirmed_at, phone_change, phone_change_token, phone_change_sent_at, confirmed_at, email_change_token_current, email_change_confirm_status, banned_until, reauthentication_token, reauthentication_sent_at, is_sso_user, deleted_at, gamilit_role, status) VALUES (NULL, 'ebe48628-5e44-4562-97b7-b4950b216247', 'authenticated', NULL, 'rodrigoguerrero0914@gmail.com', '$2b$10$ihoy7HbOdlqU38zAddpTOuDO7Nqa8.Cr1dEQjCgMpdb30UwCIMhGW', NULL, NULL, NULL, NULL, NULL, NULL, NULL, NULL, NULL, NULL, NULL, '{}', false, '2025-11-18 21:20:52.303128+00', '2025-11-18 21:20:52.303128+00', NULL, NULL, NULL, NULL, NULL, NULL, NULL, 0, NULL, NULL, NULL, false, NULL, 'student', 'active');


--
-- Data for Name: profiles; Type: TABLE DATA; Schema: auth_management; Owner: -
--

INSERT INTO auth_management.profiles (id, tenant_id, display_name, full_name, first_name, last_name, email, avatar_url, bio, phone, date_of_birth, grade_level, student_id, school_id, role, status, email_verified, phone_verified, preferences, last_sign_in_at, last_activity_at, metadata, created_at, updated_at, user_id) VALUES ('aaaaaaaa-aaaa-aaaa-aaaa-aaaaaaaaaaaa', 'a0eebc99-9c0b-4ef8-bb6d-6bb9bd380a11', 'Admin GAMILIT', 'Administrador GAMILIT', 'Administrador', 'GAMILIT', 'admin@gamilit.com', '/avatars/admin-testing.png', 'Usuario administrador para testing y desarrollo.', '55-0000-0001', '1985-01-01', NULL, NULL, NULL, 'super_admin', 'active', true, true, '{"theme": "professional", "language": "es", "timezone": "America/Mexico_City", "sound_enabled": true, "notifications_enabled": true}', NULL, NULL, '{"description": "Usuario de testing principal", "testing_user": true}', '2025-11-18 00:08:00.744913+00', '2025-11-18 00:08:00.744913+00', 'aaaaaaaa-aaaa-aaaa-aaaa-aaaaaaaaaaaa');
INSERT INTO auth_management.profiles (id, tenant_id, display_name, full_name, first_name, last_name, email, avatar_url, bio, phone, date_of_birth, grade_level, student_id, school_id, role, status, email_verified, phone_verified, preferences, last_sign_in_at, last_activity_at, metadata, created_at, updated_at, user_id) VALUES ('bbbbbbbb-bbbb-bbbb-bbbb-bbbbbbbbbbbb', 'a0eebc99-9c0b-4ef8-bb6d-6bb9bd380a11', 'Profesor Testing', 'Profesor de Testing GAMILIT', 'Profesor', 'Testing', 'teacher@gamilit.com', '/avatars/teacher-testing.png', 'Usuario profesor para testing y desarrollo.', '55-0000-0002', '1980-05-15', NULL, NULL, NULL, 'admin_teacher', 'active', true, true, '{"theme": "teacher", "language": "es", "timezone": "America/Mexico_City", "sound_enabled": true, "notifications_enabled": true}', NULL, NULL, '{"subjects": ["Lengua Española", "Comprensión Lectora"], "testing_user": true}', '2025-11-18 00:08:00.744913+00', '2025-11-18 00:08:00.744913+00', 'bbbbbbbb-bbbb-bbbb-bbbb-bbbbbbbbbbbb');
INSERT INTO auth_management.profiles (id, tenant_id, display_name, full_name, first_name, last_name, email, avatar_url, bio, phone, date_of_birth, grade_level, student_id, school_id, role, status, email_verified, phone_verified, preferences, last_sign_in_at, last_activity_at, metadata, created_at, updated_at, user_id) VALUES ('cccccccc-cccc-cccc-cccc-cccccccccccc', 'a0eebc99-9c0b-4ef8-bb6d-6bb9bd380a11', 'Estudiante Testing', 'Estudiante de Testing GAMILIT', 'Estudiante', 'Testing', 'student@gamilit.com', '/avatars/student-testing.png', 'Usuario estudiante para testing y desarrollo.', '55-0000-0003', '2013-09-01', '5', 'EST-TEST-001', NULL, 'student', 'active', true, false, '{"theme": "detective", "language": "es", "timezone": "America/Mexico_City", "gamification": {"show_rank": true, "show_leaderboard": true, "show_achievements": true}, "sound_enabled": true, "notifications_enabled": true}', NULL, NULL, '{"interests": ["lectura", "ciencia"], "testing_user": true, "learning_style": "visual"}', '2025-11-18 00:08:00.744913+00', '2025-11-18 00:08:00.744913+00', 'cccccccc-cccc-cccc-cccc-cccccccccccc');
INSERT INTO auth_management.profiles (id, tenant_id, display_name, full_name, first_name, last_name, email, avatar_url, bio, phone, date_of_birth, grade_level, student_id, school_id, role, status, email_verified, phone_verified, preferences, last_sign_in_at, last_activity_at, metadata, created_at, updated_at, user_id) VALUES ('9f5cde08-ae6a-468c-8092-c9a6fff34a5a', 'a2019d2c-1abe-4b92-8033-372a2a553f76', NULL, NULL, 'Jose', 'Aguirre', 'joseal.guirre34@gmail.com', NULL, NULL, NULL, NULL, NULL, NULL, NULL, 'student', 'active', false, false, '{"theme": "detective", "language": "es", "timezone": "America/Mexico_City", "sound_enabled": true, "notifications_enabled": true}', NULL, NULL, '{}', '2025-11-18 07:29:05.229254+00', '2025-11-18 07:29:05.229254+00', 'b017b792-b327-40dd-aefb-a80312776952');
INSERT INTO auth_management.profiles (id, tenant_id, display_name, full_name, first_name, last_name, email, avatar_url, bio, phone, date_of_birth, grade_level, student_id, school_id, role, status, email_verified, phone_verified, preferences, last_sign_in_at, last_activity_at, metadata, created_at, updated_at, user_id) VALUES ('2f12cb27-c587-4a4f-945e-3d516008f31e', '6490930a-c572-4464-82f7-19d688f32877', NULL, NULL, 'Sergio', NULL, 'sergiojimenezesteban63@gmail.com', NULL, NULL, NULL, NULL, NULL, NULL, NULL, 'student', 'active', false, false, '{"theme": "detective", "language": "es", "timezone": "America/Mexico_City", "sound_enabled": true, "notifications_enabled": true}', NULL, NULL, '{}', '2025-11-18 08:17:40.928077+00', '2025-11-18 08:17:40.928077+00', '06a24962-e83d-4e94-aad7-ff69f20a9119');
INSERT INTO auth_management.profiles (id, tenant_id, display_name, full_name, first_name, last_name, email, avatar_url, bio, phone, date_of_birth, grade_level, student_id, school_id, role, status, email_verified, phone_verified, preferences, last_sign_in_at, last_activity_at, metadata, created_at, updated_at, user_id) VALUES ('c0c1a8f1-553f-491f-b442-130e7adeb684', '4abd1886-6d7e-42c9-a2a5-f7a9e01973bd', NULL, NULL, 'Hugo', 'Aragón', 'Gomezfornite92@gmail.com', NULL, NULL, NULL, NULL, NULL, NULL, NULL, 'student', 'active', false, false, '{"theme": "detective", "language": "es", "timezone": "America/Mexico_City", "sound_enabled": true, "notifications_enabled": true}', NULL, NULL, '{}', '2025-11-18 08:18:04.242047+00', '2025-11-18 08:18:04.242047+00', '24e8c563-8854-43d1-b3c9-2f83e91f5a1e');
INSERT INTO auth_management.profiles (id, tenant_id, display_name, full_name, first_name, last_name, email, avatar_url, bio, phone, date_of_birth, grade_level, student_id, school_id, role, status, email_verified, phone_verified, preferences, last_sign_in_at, last_activity_at, metadata, created_at, updated_at, user_id) VALUES ('752f9db9-c0d6-474a-9b07-78ada1b0d3ba', 'c77ba4cc-be06-4ed8-8e48-4bbc72d59f16', NULL, NULL, 'Hugo', 'Aragón', 'Aragon494gt54@icloud.com', NULL, NULL, NULL, NULL, NULL, NULL, NULL, 'student', 'active', false, false, '{"theme": "detective", "language": "es", "timezone": "America/Mexico_City", "sound_enabled": true, "notifications_enabled": true}', NULL, NULL, '{}', '2025-11-18 08:20:17.230714+00', '2025-11-18 08:20:17.230714+00', 'bf0d3e34-e077-43d1-9626-292f7fae2bd6');
INSERT INTO auth_management.profiles (id, tenant_id, display_name, full_name, first_name, last_name, email, avatar_url, bio, phone, date_of_birth, grade_level, student_id, school_id, role, status, email_verified, phone_verified, preferences, last_sign_in_at, last_activity_at, metadata, created_at, updated_at, user_id) VALUES ('849e1ec3-226a-4d47-82dd-f8290cb84460', 'e2b08195-5a20-4822-a9b6-8d2e04c785b3', NULL, NULL, 'Azul', 'Valentina', 'blu3wt7@gmail.com', NULL, NULL, NULL, NULL, NULL, NULL, NULL, 'student', 'active', false, false, '{"theme": "detective", "language": "es", "timezone": "America/Mexico_City", "sound_enabled": true, "notifications_enabled": true}', NULL, NULL, '{}', '2025-11-18 08:32:17.315932+00', '2025-11-18 08:32:17.315932+00', '2f5a9846-3393-40b2-9e87-0f29238c383f');
INSERT INTO auth_management.profiles (id, tenant_id, display_name, full_name, first_name, last_name, email, avatar_url, bio, phone, date_of_birth, grade_level, student_id, school_id, role, status, email_verified, phone_verified, preferences, last_sign_in_at, last_activity_at, metadata, created_at, updated_at, user_id) VALUES ('527c7ec6-1e3e-434e-8019-623658e5016d', '5f4dd29b-0317-4d96-8540-4e9417175525', NULL, NULL, 'Ricardo', 'Lugo', 'ricardolugo786@icloud.com', NULL, NULL, NULL, NULL, NULL, NULL, NULL, 'student', 'active', false, false, '{"theme": "detective", "language": "es", "timezone": "America/Mexico_City", "sound_enabled": true, "notifications_enabled": true}', NULL, NULL, '{}', '2025-11-18 10:15:06.481498+00', '2025-11-18 10:15:06.481498+00', '5e738038-1743-4aa9-b222-30171300ea9d');
INSERT INTO auth_management.profiles (id, tenant_id, display_name, full_name, first_name, last_name, email, avatar_url, bio, phone, date_of_birth, grade_level, student_id, school_id, role, status, email_verified, phone_verified, preferences, last_sign_in_at, last_activity_at, metadata, created_at, updated_at, user_id) VALUES ('08bb6a08-344b-47a6-b7a6-fa626363bfd4', '87b8dc94-da11-451d-a53b-31c00a6973b8', NULL, NULL, 'Carlos', NULL, 'marbancarlos916@gmail.com', NULL, NULL, NULL, NULL, NULL, NULL, NULL, 'student', 'active', false, false, '{"theme": "detective", "language": "es", "timezone": "America/Mexico_City", "sound_enabled": true, "notifications_enabled": true}', NULL, NULL, '{}', '2025-11-18 10:29:05.240413+00', '2025-11-18 10:29:05.240413+00', '00c742d9-e5f7-4666-9597-5a8ca54d5478');
INSERT INTO auth_management.profiles (id, tenant_id, display_name, full_name, first_name, last_name, email, avatar_url, bio, phone, date_of_birth, grade_level, student_id, school_id, role, status, email_verified, phone_verified, preferences, last_sign_in_at, last_activity_at, metadata, created_at, updated_at, user_id) VALUES ('505ab2e1-fb7b-4cde-8a00-44c85f1cdcc1', '331b5931-1125-482f-9535-f1e0e829edd5', NULL, NULL, 'xXcoloresXx777', NULL, 'diego.colores09@gmail.com', NULL, NULL, NULL, NULL, NULL, NULL, NULL, 'student', 'active', false, false, '{"theme": "detective", "language": "es", "timezone": "America/Mexico_City", "sound_enabled": true, "notifications_enabled": true}', NULL, NULL, '{}', '2025-11-18 10:29:20.531883+00', '2025-11-18 10:29:20.531883+00', '33306a65-a3b1-41d5-a49d-47989957b822');
INSERT INTO auth_management.profiles (id, tenant_id, display_name, full_name, first_name, last_name, email, avatar_url, bio, phone, date_of_birth, grade_level, student_id, school_id, role, status, email_verified, phone_verified, preferences, last_sign_in_at, last_activity_at, metadata, created_at, updated_at, user_id) VALUES ('06a77c1d-1732-4aa9-8643-ec1e35b643b3', '2f1c69b9-2da7-4b72-a6fd-477aa96ba075', NULL, NULL, 'Benjamin', 'hernandez', 'hernandezfonsecabenjamin7@gmail.com', NULL, NULL, NULL, NULL, NULL, NULL, NULL, 'student', 'active', false, false, '{"theme": "detective", "language": "es", "timezone": "America/Mexico_City", "sound_enabled": true, "notifications_enabled": true}', NULL, NULL, '{}', '2025-11-18 10:37:06.9215+00', '2025-11-18 10:37:06.9215+00', '7a6a973e-83f7-4374-a9fc-54258138115f');
INSERT INTO auth_management.profiles (id, tenant_id, display_name, full_name, first_name, last_name, email, avatar_url, bio, phone, date_of_birth, grade_level, student_id, school_id, role, status, email_verified, phone_verified, preferences, last_sign_in_at, last_activity_at, metadata, created_at, updated_at, user_id) VALUES ('4bb84c20-62c9-4e22-b5f0-d0e89fb25dd9', '7265b54e-a988-4c50-a62c-61cb0594f556', NULL, NULL, 'Josue', 'Santiago Reyes Figueroa', 'jr7794315@gmail.com', NULL, NULL, NULL, NULL, NULL, NULL, NULL, 'student', 'active', false, false, '{"theme": "detective", "language": "es", "timezone": "America/Mexico_City", "sound_enabled": true, "notifications_enabled": true}', NULL, NULL, '{}', '2025-11-18 17:53:39.681271+00', '2025-11-18 17:53:39.681271+00', 'ccd7135c-0fea-4488-9094-9da52df1c98c');
INSERT INTO auth_management.profiles (id, tenant_id, display_name, full_name, first_name, last_name, email, avatar_url, bio, phone, date_of_birth, grade_level, student_id, school_id, role, status, email_verified, phone_verified, preferences, last_sign_in_at, last_activity_at, metadata, created_at, updated_at, user_id) VALUES ('9a7c1df4-3769-4c56-aca4-0c69c15697cb', 'dcc49202-4d26-4b09-9bdb-8f71d039f328', NULL, NULL, 'Fernando', 'Barragan Vergara', 'barraganfer03@gmail.com', NULL, NULL, NULL, NULL, NULL, NULL, NULL, 'student', 'active', false, false, '{"theme": "detective", "language": "es", "timezone": "America/Mexico_City", "sound_enabled": true, "notifications_enabled": true}', NULL, NULL, '{}', '2025-11-18 20:39:27.410436+00', '2025-11-18 20:39:27.410436+00', '9951ad75-e9cb-47b3-b478-6bb860ee2530');
INSERT INTO auth_management.profiles (id, tenant_id, display_name, full_name, first_name, last_name, email, avatar_url, bio, phone, date_of_birth, grade_level, student_id, school_id, role, status, email_verified, phone_verified, preferences, last_sign_in_at, last_activity_at, metadata, created_at, updated_at, user_id) VALUES ('d6e7b828-f1ca-4b37-a0ad-c0ec4969534d', 'bfc0fac3-8905-4514-af32-7375e242e0f5', NULL, NULL, 'Marco', 'Antonio Roman Rebollar', 'roman.rebollar.marcoantonio1008@gmail.com', NULL, NULL, NULL, NULL, NULL, NULL, NULL, 'student', 'active', false, false, '{"theme": "detective", "language": "es", "timezone": "America/Mexico_City", "sound_enabled": true, "notifications_enabled": true}', NULL, NULL, '{}', '2025-11-18 21:03:17.328254+00', '2025-11-18 21:03:17.328254+00', '735235f5-260a-4c9b-913c-14a1efd083ea');
INSERT INTO auth_management.profiles (id, tenant_id, display_name, full_name, first_name, last_name, email, avatar_url, bio, phone, date_of_birth, grade_level, student_id, school_id, role, status, email_verified, phone_verified, preferences, last_sign_in_at, last_activity_at, metadata, created_at, updated_at, user_id) VALUES ('3aa7febc-b6f9-4005-9f55-07eb11120e87', 'c4856507-807f-4fc5-9689-ffeb0feb4825', NULL, NULL, 'Rodrigo', 'guerrero García ', 'rodrigoguerrero0914@gmail.com', NULL, NULL, NULL, NULL, NULL, NULL, NULL, 'student', 'active', false, false, '{"theme": "detective", "language": "es", "timezone": "America/Mexico_City", "sound_enabled": true, "notifications_enabled": true}', NULL, NULL, '{}', '2025-11-18 21:20:52.304488+00', '2025-11-18 21:20:52.304488+00', 'ebe48628-5e44-4562-97b7-b4950b216247');


--
-- Data for Name: user_ranks; Type: TABLE DATA; Schema: gamification_system; Owner: -
--

INSERT INTO gamification_system.user_ranks (id, user_id, tenant_id, current_rank, previous_rank, rank_progress_percentage, modules_required_for_next, modules_completed_for_rank, xp_required_for_next, xp_earned_for_rank, ml_coins_bonus, certificate_url, badge_url, achieved_at, previous_rank_achieved_at, is_current, rank_metadata, created_at, updated_at) VALUES ('323dc665-8086-46a4-b9d0-76df455b6797', 'aaaaaaaa-aaaa-aaaa-aaaa-aaaaaaaaaaaa', 'a0eebc99-9c0b-4ef8-bb6d-6bb9bd380a11', 'Ajaw', NULL, 0, NULL, 0, NULL, 0, 0, NULL, NULL, '2025-11-18 00:08:00.744913+00', NULL, true, '{}', '2025-11-18 00:08:00.744913+00', '2025-11-18 00:08:00.744913+00');
INSERT INTO gamification_system.user_ranks (id, user_id, tenant_id, current_rank, previous_rank, rank_progress_percentage, modules_required_for_next, modules_completed_for_rank, xp_required_for_next, xp_earned_for_rank, ml_coins_bonus, certificate_url, badge_url, achieved_at, previous_rank_achieved_at, is_current, rank_metadata, created_at, updated_at) VALUES ('504d62e5-2297-4029-98fb-c65ea21113e6', 'bbbbbbbb-bbbb-bbbb-bbbb-bbbbbbbbbbbb', 'a0eebc99-9c0b-4ef8-bb6d-6bb9bd380a11', 'Ajaw', NULL, 0, NULL, 0, NULL, 0, 0, NULL, NULL, '2025-11-18 00:08:00.744913+00', NULL, true, '{}', '2025-11-18 00:08:00.744913+00', '2025-11-18 00:08:00.744913+00');
INSERT INTO gamification_system.user_ranks (id, user_id, tenant_id, current_rank, previous_rank, rank_progress_percentage, modules_required_for_next, modules_completed_for_rank, xp_required_for_next, xp_earned_for_rank, ml_coins_bonus, certificate_url, badge_url, achieved_at, previous_rank_achieved_at, is_current, rank_metadata, created_at, updated_at) VALUES ('a96a745f-e79e-4d85-a29c-f5ec07b75313', 'cccccccc-cccc-cccc-cccc-cccccccccccc', 'a0eebc99-9c0b-4ef8-bb6d-6bb9bd380a11', 'Ajaw', NULL, 0, NULL, 0, NULL, 0, 0, NULL, NULL, '2025-11-18 00:08:00.744913+00', NULL, true, '{}', '2025-11-18 00:08:00.744913+00', '2025-11-18 00:08:00.744913+00');
INSERT INTO gamification_system.user_ranks (id, user_id, tenant_id, current_rank, previous_rank, rank_progress_percentage, modules_required_for_next, modules_completed_for_rank, xp_required_for_next, xp_earned_for_rank, ml_coins_bonus, certificate_url, badge_url, achieved_at, previous_rank_achieved_at, is_current, rank_metadata, created_at, updated_at) VALUES ('2f48e298-ff1e-4e28-a075-7e0bfd646ed6', 'b017b792-b327-40dd-aefb-a80312776952', 'a2019d2c-1abe-4b92-8033-372a2a553f76', 'Ajaw', NULL, 0, NULL, 0, NULL, 0, 0, NULL, NULL, '2025-11-18 07:29:05.229254+00', NULL, true, '{}', '2025-11-18 07:29:05.229254+00', '2025-11-18 07:29:05.229254+00');
INSERT INTO gamification_system.user_ranks (id, user_id, tenant_id, current_rank, previous_rank, rank_progress_percentage, modules_required_for_next, modules_completed_for_rank, xp_required_for_next, xp_earned_for_rank, ml_coins_bonus, certificate_url, badge_url, achieved_at, previous_rank_achieved_at, is_current, rank_metadata, created_at, updated_at) VALUES ('17940610-6c66-47b7-af83-179c65d4f9b3', '06a24962-e83d-4e94-aad7-ff69f20a9119', '6490930a-c572-4464-82f7-19d688f32877', 'Ajaw', NULL, 0, NULL, 0, NULL, 0, 0, NULL, NULL, '2025-11-18 08:17:40.928077+00', NULL, true, '{}', '2025-11-18 08:17:40.928077+00', '2025-11-18 08:17:40.928077+00');
INSERT INTO gamification_system.user_ranks (id, user_id, tenant_id, current_rank, previous_rank, rank_progress_percentage, modules_required_for_next, modules_completed_for_rank, xp_required_for_next, xp_earned_for_rank, ml_coins_bonus, certificate_url, badge_url, achieved_at, previous_rank_achieved_at, is_current, rank_metadata, created_at, updated_at) VALUES ('521eb845-e270-4518-98f4-8428d7148597', '24e8c563-8854-43d1-b3c9-2f83e91f5a1e', '4abd1886-6d7e-42c9-a2a5-f7a9e01973bd', 'Ajaw', NULL, 0, NULL, 0, NULL, 0, 0, NULL, NULL, '2025-11-18 08:18:04.242047+00', NULL, true, '{}', '2025-11-18 08:18:04.242047+00', '2025-11-18 08:18:04.242047+00');
INSERT INTO gamification_system.user_ranks (id, user_id, tenant_id, current_rank, previous_rank, rank_progress_percentage, modules_required_for_next, modules_completed_for_rank, xp_required_for_next, xp_earned_for_rank, ml_coins_bonus, certificate_url, badge_url, achieved_at, previous_rank_achieved_at, is_current, rank_metadata, created_at, updated_at) VALUES ('43e640bf-e949-4728-b7ab-1d835ff77243', 'bf0d3e34-e077-43d1-9626-292f7fae2bd6', 'c77ba4cc-be06-4ed8-8e48-4bbc72d59f16', 'Ajaw', NULL, 0, NULL, 0, NULL, 0, 0, NULL, NULL, '2025-11-18 08:20:17.230714+00', NULL, true, '{}', '2025-11-18 08:20:17.230714+00', '2025-11-18 08:20:17.230714+00');
INSERT INTO gamification_system.user_ranks (id, user_id, tenant_id, current_rank, previous_rank, rank_progress_percentage, modules_required_for_next, modules_completed_for_rank, xp_required_for_next, xp_earned_for_rank, ml_coins_bonus, certificate_url, badge_url, achieved_at, previous_rank_achieved_at, is_current, rank_metadata, created_at, updated_at) VALUES ('116e54f1-cbd1-4f02-a9df-1e06f03a503b', '2f5a9846-3393-40b2-9e87-0f29238c383f', 'e2b08195-5a20-4822-a9b6-8d2e04c785b3', 'Ajaw', NULL, 0, NULL, 0, NULL, 0, 0, NULL, NULL, '2025-11-18 08:32:17.315932+00', NULL, true, '{}', '2025-11-18 08:32:17.315932+00', '2025-11-18 08:32:17.315932+00');
INSERT INTO gamification_system.user_ranks (id, user_id, tenant_id, current_rank, previous_rank, rank_progress_percentage, modules_required_for_next, modules_completed_for_rank, xp_required_for_next, xp_earned_for_rank, ml_coins_bonus, certificate_url, badge_url, achieved_at, previous_rank_achieved_at, is_current, rank_metadata, created_at, updated_at) VALUES ('48cf896c-ac4f-4a35-b485-6ba86703f03b', '5e738038-1743-4aa9-b222-30171300ea9d', '5f4dd29b-0317-4d96-8540-4e9417175525', 'Ajaw', NULL, 0, NULL, 0, NULL, 0, 0, NULL, NULL, '2025-11-18 10:15:06.481498+00', NULL, true, '{}', '2025-11-18 10:15:06.481498+00', '2025-11-18 10:15:06.481498+00');
INSERT INTO gamification_system.user_ranks (id, user_id, tenant_id, current_rank, previous_rank, rank_progress_percentage, modules_required_for_next, modules_completed_for_rank, xp_required_for_next, xp_earned_for_rank, ml_coins_bonus, certificate_url, badge_url, achieved_at, previous_rank_achieved_at, is_current, rank_metadata, created_at, updated_at) VALUES ('d425049c-a44f-4b97-86d5-daba010e0798', '00c742d9-e5f7-4666-9597-5a8ca54d5478', '87b8dc94-da11-451d-a53b-31c00a6973b8', 'Ajaw', NULL, 0, NULL, 0, NULL, 0, 0, NULL, NULL, '2025-11-18 10:29:05.240413+00', NULL, true, '{}', '2025-11-18 10:29:05.240413+00', '2025-11-18 10:29:05.240413+00');
INSERT INTO gamification_system.user_ranks (id, user_id, tenant_id, current_rank, previous_rank, rank_progress_percentage, modules_required_for_next, modules_completed_for_rank, xp_required_for_next, xp_earned_for_rank, ml_coins_bonus, certificate_url, badge_url, achieved_at, previous_rank_achieved_at, is_current, rank_metadata, created_at, updated_at) VALUES ('1c6b91b2-facb-4a97-a721-386426324f8d', '33306a65-a3b1-41d5-a49d-47989957b822', '331b5931-1125-482f-9535-f1e0e829edd5', 'Ajaw', NULL, 0, NULL, 0, NULL, 0, 0, NULL, NULL, '2025-11-18 10:29:20.531883+00', NULL, true, '{}', '2025-11-18 10:29:20.531883+00', '2025-11-18 10:29:20.531883+00');
INSERT INTO gamification_system.user_ranks (id, user_id, tenant_id, current_rank, previous_rank, rank_progress_percentage, modules_required_for_next, modules_completed_for_rank, xp_required_for_next, xp_earned_for_rank, ml_coins_bonus, certificate_url, badge_url, achieved_at, previous_rank_achieved_at, is_current, rank_metadata, created_at, updated_at) VALUES ('3a5fff46-0f93-49db-9c89-2884723cc020', '7a6a973e-83f7-4374-a9fc-54258138115f', '2f1c69b9-2da7-4b72-a6fd-477aa96ba075', 'Ajaw', NULL, 0, NULL, 0, NULL, 0, 0, NULL, NULL, '2025-11-18 10:37:06.9215+00', NULL, true, '{}', '2025-11-18 10:37:06.9215+00', '2025-11-18 10:37:06.9215+00');
INSERT INTO gamification_system.user_ranks (id, user_id, tenant_id, current_rank, previous_rank, rank_progress_percentage, modules_required_for_next, modules_completed_for_rank, xp_required_for_next, xp_earned_for_rank, ml_coins_bonus, certificate_url, badge_url, achieved_at, previous_rank_achieved_at, is_current, rank_metadata, created_at, updated_at) VALUES ('373034bc-34e3-46c1-9346-ecab7049ef9a', 'ccd7135c-0fea-4488-9094-9da52df1c98c', '7265b54e-a988-4c50-a62c-61cb0594f556', 'Ajaw', NULL, 0, NULL, 0, NULL, 0, 0, NULL, NULL, '2025-11-18 17:53:39.681271+00', NULL, true, '{}', '2025-11-18 17:53:39.681271+00', '2025-11-18 17:53:39.681271+00');
INSERT INTO gamification_system.user_ranks (id, user_id, tenant_id, current_rank, previous_rank, rank_progress_percentage, modules_required_for_next, modules_completed_for_rank, xp_required_for_next, xp_earned_for_rank, ml_coins_bonus, certificate_url, badge_url, achieved_at, previous_rank_achieved_at, is_current, rank_metadata, created_at, updated_at) VALUES ('2f4daaf9-3074-4581-b106-a4a41de4aa47', '9951ad75-e9cb-47b3-b478-6bb860ee2530', 'dcc49202-4d26-4b09-9bdb-8f71d039f328', 'Ajaw', NULL, 0, NULL, 0, NULL, 0, 0, NULL, NULL, '2025-11-18 20:39:27.410436+00', NULL, true, '{}', '2025-11-18 20:39:27.410436+00', '2025-11-18 20:39:27.410436+00');
INSERT INTO gamification_system.user_ranks (id, user_id, tenant_id, current_rank, previous_rank, rank_progress_percentage, modules_required_for_next, modules_completed_for_rank, xp_required_for_next, xp_earned_for_rank, ml_coins_bonus, certificate_url, badge_url, achieved_at, previous_rank_achieved_at, is_current, rank_metadata, created_at, updated_at) VALUES ('fbd65540-d136-4334-a354-450c908457ae', '735235f5-260a-4c9b-913c-14a1efd083ea', 'bfc0fac3-8905-4514-af32-7375e242e0f5', 'Ajaw', NULL, 0, NULL, 0, NULL, 0, 0, NULL, NULL, '2025-11-18 21:03:17.328254+00', NULL, true, '{}', '2025-11-18 21:03:17.328254+00', '2025-11-18 21:03:17.328254+00');
INSERT INTO gamification_system.user_ranks (id, user_id, tenant_id, current_rank, previous_rank, rank_progress_percentage, modules_required_for_next, modules_completed_for_rank, xp_required_for_next, xp_earned_for_rank, ml_coins_bonus, certificate_url, badge_url, achieved_at, previous_rank_achieved_at, is_current, rank_metadata, created_at, updated_at) VALUES ('d3055ed9-2e69-4906-aae1-0e9964feb19a', 'ebe48628-5e44-4562-97b7-b4950b216247', 'c4856507-807f-4fc5-9689-ffeb0feb4825', 'Ajaw', NULL, 0, NULL, 0, NULL, 0, 0, NULL, NULL, '2025-11-18 21:20:52.304488+00', NULL, true, '{}', '2025-11-18 21:20:52.304488+00', '2025-11-18 21:20:52.304488+00');


--
-- Data for Name: user_stats; Type: TABLE DATA; Schema: gamification_system; Owner: -
--

INSERT INTO gamification_system.user_stats (id, user_id, tenant_id, level, total_xp, xp_to_next_level, current_rank, rank_progress, ml_coins, ml_coins_earned_total, ml_coins_spent_total, ml_coins_earned_today, last_ml_coins_reset, current_streak, max_streak, streak_started_at, days_active_total, exercises_completed, modules_completed, total_score, average_score, perfect_scores, achievements_earned, certificates_earned, total_time_spent, weekly_time_spent, sessions_count, weekly_xp, monthly_xp, weekly_exercises, global_rank_position, class_rank_position, school_rank_position, last_activity_at, last_login_at, metadata, created_at, updated_at) VALUES ('f125e913-0150-4700-81d9-a119908c27e0', 'aaaaaaaa-aaaa-aaaa-aaaa-aaaaaaaaaaaa', 'a0eebc99-9c0b-4ef8-bb6d-6bb9bd380a11', 1, 0, 100, 'Ajaw', 0.00, 100, 100, 0, 0, NULL, 0, 0, NULL, 0, 0, 0, 0, NULL, 0, 0, 0, '00:00:00', '00:00:00', 0, 0, 0, 0, NULL, NULL, NULL, NULL, NULL, '{}', '2025-11-18 00:08:00.744913+00', '2025-11-18 00:08:00.744913+00');
INSERT INTO gamification_system.user_stats (id, user_id, tenant_id, level, total_xp, xp_to_next_level, current_rank, rank_progress, ml_coins, ml_coins_earned_total, ml_coins_spent_total, ml_coins_earned_today, last_ml_coins_reset, current_streak, max_streak, streak_started_at, days_active_total, exercises_completed, modules_completed, total_score, average_score, perfect_scores, achievements_earned, certificates_earned, total_time_spent, weekly_time_spent, sessions_count, weekly_xp, monthly_xp, weekly_exercises, global_rank_position, class_rank_position, school_rank_position, last_activity_at, last_login_at, metadata, created_at, updated_at) VALUES ('7645fd92-a507-4463-ace5-5ed807b244cb', 'bbbbbbbb-bbbb-bbbb-bbbb-bbbbbbbbbbbb', 'a0eebc99-9c0b-4ef8-bb6d-6bb9bd380a11', 1, 0, 100, 'Ajaw', 0.00, 100, 100, 0, 0, NULL, 0, 0, NULL, 0, 0, 0, 0, NULL, 0, 0, 0, '00:00:00', '00:00:00', 0, 0, 0, 0, NULL, NULL, NULL, NULL, NULL, '{}', '2025-11-18 00:08:00.744913+00', '2025-11-18 00:08:00.744913+00');
INSERT INTO gamification_system.user_stats (id, user_id, tenant_id, level, total_xp, xp_to_next_level, current_rank, rank_progress, ml_coins, ml_coins_earned_total, ml_coins_spent_total, ml_coins_earned_today, last_ml_coins_reset, current_streak, max_streak, streak_started_at, days_active_total, exercises_completed, modules_completed, total_score, average_score, perfect_scores, achievements_earned, certificates_earned, total_time_spent, weekly_time_spent, sessions_count, weekly_xp, monthly_xp, weekly_exercises, global_rank_position, class_rank_position, school_rank_position, last_activity_at, last_login_at, metadata, created_at, updated_at) VALUES ('13e92f87-4b87-43e9-9dbd-5cfafcf9c83f', 'b017b792-b327-40dd-aefb-a80312776952', 'a2019d2c-1abe-4b92-8033-372a2a553f76', 1, 0, 100, 'Ajaw', 0.00, 100, 100, 0, 0, NULL, 0, 0, NULL, 0, 0, 0, 0, NULL, 0, 0, 0, '00:00:00', '00:00:00', 0, 0, 0, 0, NULL, NULL, NULL, NULL, NULL, '{}', '2025-11-18 07:29:05.229254+00', '2025-11-18 07:29:05.229254+00');
INSERT INTO gamification_system.user_stats (id, user_id, tenant_id, level, total_xp, xp_to_next_level, current_rank, rank_progress, ml_coins, ml_coins_earned_total, ml_coins_spent_total, ml_coins_earned_today, last_ml_coins_reset, current_streak, max_streak, streak_started_at, days_active_total, exercises_completed, modules_completed, total_score, average_score, perfect_scores, achievements_earned, certificates_earned, total_time_spent, weekly_time_spent, sessions_count, weekly_xp, monthly_xp, weekly_exercises, global_rank_position, class_rank_position, school_rank_position, last_activity_at, last_login_at, metadata, created_at, updated_at) VALUES ('497bc335-f2c3-44c9-bb54-2ac0210d618c', '06a24962-e83d-4e94-aad7-ff69f20a9119', '6490930a-c572-4464-82f7-19d688f32877', 1, 0, 100, 'Ajaw', 0.00, 100, 100, 0, 0, NULL, 0, 0, NULL, 0, 0, 0, 0, NULL, 0, 0, 0, '00:00:00', '00:00:00', 0, 0, 0, 0, NULL, NULL, NULL, NULL, NULL, '{}', '2025-11-18 08:17:40.928077+00', '2025-11-18 08:17:40.928077+00');
INSERT INTO gamification_system.user_stats (id, user_id, tenant_id, level, total_xp, xp_to_next_level, current_rank, rank_progress, ml_coins, ml_coins_earned_total, ml_coins_spent_total, ml_coins_earned_today, last_ml_coins_reset, current_streak, max_streak, streak_started_at, days_active_total, exercises_completed, modules_completed, total_score, average_score, perfect_scores, achievements_earned, certificates_earned, total_time_spent, weekly_time_spent, sessions_count, weekly_xp, monthly_xp, weekly_exercises, global_rank_position, class_rank_position, school_rank_position, last_activity_at, last_login_at, metadata, created_at, updated_at) VALUES ('d53fb46b-6d5f-4163-a4cc-8d1a63f18ad5', '24e8c563-8854-43d1-b3c9-2f83e91f5a1e', '4abd1886-6d7e-42c9-a2a5-f7a9e01973bd', 1, 0, 100, 'Ajaw', 0.00, 100, 100, 0, 0, NULL, 0, 0, NULL, 0, 0, 0, 0, NULL, 0, 0, 0, '00:00:00', '00:00:00', 0, 0, 0, 0, NULL, NULL, NULL, NULL, NULL, '{}', '2025-11-18 08:18:04.242047+00', '2025-11-18 08:18:04.242047+00');
INSERT INTO gamification_system.user_stats (id, user_id, tenant_id, level, total_xp, xp_to_next_level, current_rank, rank_progress, ml_coins, ml_coins_earned_total, ml_coins_spent_total, ml_coins_earned_today, last_ml_coins_reset, current_streak, max_streak, streak_started_at, days_active_total, exercises_completed, modules_completed, total_score, average_score, perfect_scores, achievements_earned, certificates_earned, total_time_spent, weekly_time_spent, sessions_count, weekly_xp, monthly_xp, weekly_exercises, global_rank_position, class_rank_position, school_rank_position, last_activity_at, last_login_at, metadata, created_at, updated_at) VALUES ('a142cf10-8029-47e2-99ce-f2e64b2845df', 'bf0d3e34-e077-43d1-9626-292f7fae2bd6', 'c77ba4cc-be06-4ed8-8e48-4bbc72d59f16', 1, 0, 100, 'Ajaw', 0.00, 100, 100, 0, 0, NULL, 0, 0, NULL, 0, 0, 0, 0, NULL, 0, 0, 0, '00:00:00', '00:00:00', 0, 0, 0, 0, NULL, NULL, NULL, NULL, NULL, '{}', '2025-11-18 08:20:17.230714+00', '2025-11-18 08:20:17.230714+00');
INSERT INTO gamification_system.user_stats (id, user_id, tenant_id, level, total_xp, xp_to_next_level, current_rank, rank_progress, ml_coins, ml_coins_earned_total, ml_coins_spent_total, ml_coins_earned_today, last_ml_coins_reset, current_streak, max_streak, streak_started_at, days_active_total, exercises_completed, modules_completed, total_score, average_score, perfect_scores, achievements_earned, certificates_earned, total_time_spent, weekly_time_spent, sessions_count, weekly_xp, monthly_xp, weekly_exercises, global_rank_position, class_rank_position, school_rank_position, last_activity_at, last_login_at, metadata, created_at, updated_at) VALUES ('f1d3bbc5-05bf-48c8-b4d0-0b2f0a0c4134', '2f5a9846-3393-40b2-9e87-0f29238c383f', 'e2b08195-5a20-4822-a9b6-8d2e04c785b3', 1, 0, 100, 'Ajaw', 0.00, 100, 100, 0, 0, NULL, 0, 0, NULL, 0, 0, 0, 0, NULL, 0, 0, 0, '00:00:00', '00:00:00', 0, 0, 0, 0, NULL, NULL, NULL, NULL, NULL, '{}', '2025-11-18 08:32:17.315932+00', '2025-11-18 08:32:17.315932+00');
INSERT INTO gamification_system.user_stats (id, user_id, tenant_id, level, total_xp, xp_to_next_level, current_rank, rank_progress, ml_coins, ml_coins_earned_total, ml_coins_spent_total, ml_coins_earned_today, last_ml_coins_reset, current_streak, max_streak, streak_started_at, days_active_total, exercises_completed, modules_completed, total_score, average_score, perfect_scores, achievements_earned, certificates_earned, total_time_spent, weekly_time_spent, sessions_count, weekly_xp, monthly_xp, weekly_exercises, global_rank_position, class_rank_position, school_rank_position, last_activity_at, last_login_at, metadata, created_at, updated_at) VALUES ('ca960083-b3d8-48ce-bdf2-e797d8bc4b80', '5e738038-1743-4aa9-b222-30171300ea9d', '5f4dd29b-0317-4d96-8540-4e9417175525', 1, 0, 100, 'Ajaw', 0.00, 100, 100, 0, 0, NULL, 0, 0, NULL, 0, 0, 0, 0, NULL, 0, 0, 0, '00:00:00', '00:00:00', 0, 0, 0, 0, NULL, NULL, NULL, NULL, NULL, '{}', '2025-11-18 10:15:06.481498+00', '2025-11-18 10:15:06.481498+00');
INSERT INTO gamification_system.user_stats (id, user_id, tenant_id, level, total_xp, xp_to_next_level, current_rank, rank_progress, ml_coins, ml_coins_earned_total, ml_coins_spent_total, ml_coins_earned_today, last_ml_coins_reset, current_streak, max_streak, streak_started_at, days_active_total, exercises_completed, modules_completed, total_score, average_score, perfect_scores, achievements_earned, certificates_earned, total_time_spent, weekly_time_spent, sessions_count, weekly_xp, monthly_xp, weekly_exercises, global_rank_position, class_rank_position, school_rank_position, last_activity_at, last_login_at, metadata, created_at, updated_at) VALUES ('55ee989d-f99a-4cce-bfa3-1e1226717e70', '00c742d9-e5f7-4666-9597-5a8ca54d5478', '87b8dc94-da11-451d-a53b-31c00a6973b8', 1, 0, 100, 'Ajaw', 0.00, 100, 100, 0, 0, NULL, 0, 0, NULL, 0, 0, 0, 0, NULL, 0, 0, 0, '00:00:00', '00:00:00', 0, 0, 0, 0, NULL, NULL, NULL, NULL, NULL, '{}', '2025-11-18 10:29:05.240413+00', '2025-11-18 10:29:05.240413+00');
INSERT INTO gamification_system.user_stats (id, user_id, tenant_id, level, total_xp, xp_to_next_level, current_rank, rank_progress, ml_coins, ml_coins_earned_total, ml_coins_spent_total, ml_coins_earned_today, last_ml_coins_reset, current_streak, max_streak, streak_started_at, days_active_total, exercises_completed, modules_completed, total_score, average_score, perfect_scores, achievements_earned, certificates_earned, total_time_spent, weekly_time_spent, sessions_count, weekly_xp, monthly_xp, weekly_exercises, global_rank_position, class_rank_position, school_rank_position, last_activity_at, last_login_at, metadata, created_at, updated_at) VALUES ('09a8ea2e-2e8f-4932-8443-265341510261', '33306a65-a3b1-41d5-a49d-47989957b822', '331b5931-1125-482f-9535-f1e0e829edd5', 1, 0, 100, 'Ajaw', 0.00, 100, 100, 0, 0, NULL, 0, 0, NULL, 0, 0, 0, 0, NULL, 0, 0, 0, '00:00:00', '00:00:00', 0, 0, 0, 0, NULL, NULL, NULL, NULL, NULL, '{}', '2025-11-18 10:29:20.531883+00', '2025-11-18 10:29:20.531883+00');
INSERT INTO gamification_system.user_stats (id, user_id, tenant_id, level, total_xp, xp_to_next_level, current_rank, rank_progress, ml_coins, ml_coins_earned_total, ml_coins_spent_total, ml_coins_earned_today, last_ml_coins_reset, current_streak, max_streak, streak_started_at, days_active_total, exercises_completed, modules_completed, total_score, average_score, perfect_scores, achievements_earned, certificates_earned, total_time_spent, weekly_time_spent, sessions_count, weekly_xp, monthly_xp, weekly_exercises, global_rank_position, class_rank_position, school_rank_position, last_activity_at, last_login_at, metadata, created_at, updated_at) VALUES ('aff34009-61a4-4de1-9d10-138690620ab1', '7a6a973e-83f7-4374-a9fc-54258138115f', '2f1c69b9-2da7-4b72-a6fd-477aa96ba075', 1, 0, 100, 'Ajaw', 0.00, 100, 100, 0, 0, NULL, 0, 0, NULL, 0, 0, 0, 0, NULL, 0, 0, 0, '00:00:00', '00:00:00', 0, 0, 0, 0, NULL, NULL, NULL, NULL, NULL, '{}', '2025-11-18 10:37:06.9215+00', '2025-11-18 10:37:06.9215+00');
INSERT INTO gamification_system.user_stats (id, user_id, tenant_id, level, total_xp, xp_to_next_level, current_rank, rank_progress, ml_coins, ml_coins_earned_total, ml_coins_spent_total, ml_coins_earned_today, last_ml_coins_reset, current_streak, max_streak, streak_started_at, days_active_total, exercises_completed, modules_completed, total_score, average_score, perfect_scores, achievements_earned, certificates_earned, total_time_spent, weekly_time_spent, sessions_count, weekly_xp, monthly_xp, weekly_exercises, global_rank_position, class_rank_position, school_rank_position, last_activity_at, last_login_at, metadata, created_at, updated_at) VALUES ('6e5a1038-9932-4ea0-950a-5b113caaac25', 'cccccccc-cccc-cccc-cccc-cccccccccccc', 'a0eebc99-9c0b-4ef8-bb6d-6bb9bd380a11', 2, 200, 100, 'Ajaw', 0.00, 150, 150, 0, 0, NULL, 0, 0, NULL, 0, 3, 0, 0, NULL, 0, 0, 0, '00:00:00', '00:00:00', 0, 0, 0, 0, NULL, NULL, NULL, '2025-11-18 15:26:02.127068+00', NULL, '{}', '2025-11-18 00:08:00.744913+00', '2025-11-18 15:26:02.127068+00');
INSERT INTO gamification_system.user_stats (id, user_id, tenant_id, level, total_xp, xp_to_next_level, current_rank, rank_progress, ml_coins, ml_coins_earned_total, ml_coins_spent_total, ml_coins_earned_today, last_ml_coins_reset, current_streak, max_streak, streak_started_at, days_active_total, exercises_completed, modules_completed, total_score, average_score, perfect_scores, achievements_earned, certificates_earned, total_time_spent, weekly_time_spent, sessions_count, weekly_xp, monthly_xp, weekly_exercises, global_rank_position, class_rank_position, school_rank_position, last_activity_at, last_login_at, metadata, created_at, updated_at) VALUES ('63132bf8-6db9-419d-a37e-7f7608921b75', 'ccd7135c-0fea-4488-9094-9da52df1c98c', '7265b54e-a988-4c50-a62c-61cb0594f556', 1, 0, 100, 'Ajaw', 0.00, 100, 100, 0, 0, NULL, 0, 0, NULL, 0, 0, 0, 0, NULL, 0, 0, 0, '00:00:00', '00:00:00', 0, 0, 0, 0, NULL, NULL, NULL, NULL, NULL, '{}', '2025-11-18 17:53:39.681271+00', '2025-11-18 17:53:39.681271+00');
INSERT INTO gamification_system.user_stats (id, user_id, tenant_id, level, total_xp, xp_to_next_level, current_rank, rank_progress, ml_coins, ml_coins_earned_total, ml_coins_spent_total, ml_coins_earned_today, last_ml_coins_reset, current_streak, max_streak, streak_started_at, days_active_total, exercises_completed, modules_completed, total_score, average_score, perfect_scores, achievements_earned, certificates_earned, total_time_spent, weekly_time_spent, sessions_count, weekly_xp, monthly_xp, weekly_exercises, global_rank_position, class_rank_position, school_rank_position, last_activity_at, last_login_at, metadata, created_at, updated_at) VALUES ('5d56c7b8-fd2b-4699-a1f4-21b7e97b0d17', '9951ad75-e9cb-47b3-b478-6bb860ee2530', 'dcc49202-4d26-4b09-9bdb-8f71d039f328', 1, 0, 100, 'Ajaw', 0.00, 100, 100, 0, 0, NULL, 0, 0, NULL, 0, 0, 0, 0, NULL, 0, 0, 0, '00:00:00', '00:00:00', 0, 0, 0, 0, NULL, NULL, NULL, NULL, NULL, '{}', '2025-11-18 20:39:27.410436+00', '2025-11-18 20:39:27.410436+00');
INSERT INTO gamification_system.user_stats (id, user_id, tenant_id, level, total_xp, xp_to_next_level, current_rank, rank_progress, ml_coins, ml_coins_earned_total, ml_coins_spent_total, ml_coins_earned_today, last_ml_coins_reset, current_streak, max_streak, streak_started_at, days_active_total, exercises_completed, modules_completed, total_score, average_score, perfect_scores, achievements_earned, certificates_earned, total_time_spent, weekly_time_spent, sessions_count, weekly_xp, monthly_xp, weekly_exercises, global_rank_position, class_rank_position, school_rank_position, last_activity_at, last_login_at, metadata, created_at, updated_at) VALUES ('26556c95-dfcc-4e7f-a767-866e8c1e7b6c', '735235f5-260a-4c9b-913c-14a1efd083ea', 'bfc0fac3-8905-4514-af32-7375e242e0f5', 1, 0, 100, 'Ajaw', 0.00, 100, 100, 0, 0, NULL, 0, 0, NULL, 0, 0, 0, 0, NULL, 0, 0, 0, '00:00:00', '00:00:00', 0, 0, 0, 0, NULL, NULL, NULL, NULL, NULL, '{}', '2025-11-18 21:03:17.328254+00', '2025-11-18 21:03:17.328254+00');
INSERT INTO gamification_system.user_stats (id, user_id, tenant_id, level, total_xp, xp_to_next_level, current_rank, rank_progress, ml_coins, ml_coins_earned_total, ml_coins_spent_total, ml_coins_earned_today, last_ml_coins_reset, current_streak, max_streak, streak_started_at, days_active_total, exercises_completed, modules_completed, total_score, average_score, perfect_scores, achievements_earned, certificates_earned, total_time_spent, weekly_time_spent, sessions_count, weekly_xp, monthly_xp, weekly_exercises, global_rank_position, class_rank_position, school_rank_position, last_activity_at, last_login_at, metadata, created_at, updated_at) VALUES ('a6507360-4313-406e-8979-b6942fc081a7', 'ebe48628-5e44-4562-97b7-b4950b216247', 'c4856507-807f-4fc5-9689-ffeb0feb4825', 1, 0, 100, 'Ajaw', 0.00, 100, 100, 0, 0, NULL, 0, 0, NULL, 0, 0, 0, 0, NULL, 0, 0, 0, '00:00:00', '00:00:00', 0, 0, 0, 0, NULL, NULL, NULL, NULL, NULL, '{}', '2025-11-18 21:20:52.304488+00', '2025-11-18 21:20:52.304488+00');


--
-- Data for Name: module_progress; Type: TABLE DATA; Schema: progress_tracking; Owner: -
--



--
-- Data for Name: user_current_level; Type: TABLE DATA; Schema: progress_tracking; Owner: -
--



--
-- PostgreSQL database dump complete
--

\unrestrict IEHfI0px2UKdjg3SG29UM4kNPD1ehmD1W54TC09xzETH7TXYlNGM6VOGLEepcrG

